{
    "correlation": {
        "fTf+": {
            "a0a2": 0.004514004566443636,
            "a0a1": -0.01914117267719249,
            "a2a0": 0.0017479874952045064,
            "a0a0": 0.48010226010867735,
            "a1a2": -0.003798025053634953,
            "a2a2": 0.0024755203916832073,
            "a2a1": -0.00332524450179478,
            "a1a1": 0.0056588839886429375,
            "a1a0": -0.009853736366484029
        },
        "f+f0": {
            "a0a2": 0.23726369989098128,
            "a0a1": -0.236201325188594,
            "a2a2": 0.228716909239111,
            "a1a2": -0.31152063509781625,
            "a2a1": -0.31754127830629847,
            "a1a1": 0.43444877343205585
        },
        "f0fT": {
            "a2a0": 0.014825541752759882,
            "a2a2": -0.0019525955979842486,
            "a2a1": 0.0002924592185714456,
            "a1a2": 0.0017035505171895799,
            "a1a1": 5.431887480628556e-05,
            "a1a0": 0.032839765235754714
        },
        "fTfT": {
            "a0a2": 0.4267131889409714,
            "a0a1": -0.5819804358661383,
            "a2a2": 1.0,
            "a1a1": 1.0,
            "a2a0": 0.4267131889409714,
            "a2a1": -0.9588195373577312,
            "a1a2": -0.9588195373577312,
            "a0a0": 1.0,
            "a1a0": -0.5819804358661383
        },
        "fTf0": {
            "a0a2": 0.014825541752759882,
            "a0a1": 0.032839765235754714,
            "a2a2": -0.0019525955979842486,
            "a2a1": 0.0017035505171895799,
            "a1a2": 0.0002924592185714456,
            "a1a1": 5.431887480628556e-05
        },
        "f0f0": {
            "a1a2": -0.9493897855466881,
            "a2a2": 1.0,
            "a1a1": 1.0,
            "a2a1": -0.9493897855466881
        },
        "f+fT": {
            "a2a0": 0.004514004566443636,
            "a0a1": -0.009853736366484029,
            "a2a2": 0.0024755203916832073,
            "a0a0": 0.48010226010867735,
            "a2a1": -0.003798025053634953,
            "a0a2": 0.0017479874952045064,
            "a1a2": -0.00332524450179478,
            "a1a1": 0.0056588839886429375,
            "a1a0": -0.01914117267719249
        },
        "f+f+": {
            "a0a2": 0.2363722453212519,
            "a0a1": -0.33533282439759676,
            "a2a2": 1.0,
            "a1a1": 1.0,
            "a2a0": 0.2363722453212519,
            "a2a1": -0.9575386031929555,
            "a1a2": -0.9575386031929555,
            "a0a0": 1.0,
            "a1a0": -0.33533282439759676
        },
        "f0f+": {
            "a1a2": -0.31754127830629847,
            "a2a0": 0.23726369989098128,
            "a2a1": -0.31152063509781625,
            "a2a2": 0.228716909239111,
            "a1a1": 0.43444877343205585,
            "a1a0": -0.236201325188594
        }
    },
    "uncertainty": {
        "f0": {
            "a2": 44.60062762441677,
            "a1": 2.878539530780338
        },
        "f+": {
            "a2": 38.2180444447714,
            "a0": 0.07777943416080092,
            "a1": 2.5874468946118965
        },
        "fT": {
            "a2": 31.6830223586738,
            "a0": 0.040875013588815345,
            "a1": 2.1969694995146964
        }
    },
    "central": {
        "f0": {
            "a2": 0.04744873027689452,
            "a1": 1.845829677892925
        },
        "f+": {
            "a2": 1.460191255411654,
            "a0": 0.6494022492599675,
            "a1": -1.348121551696309
        },
        "fT": {
            "a2": 10.54601528980545,
            "a0": 0.5656604515314846,
            "a1": -2.492010124810672
        }
    }
}
