{
    "uncertainty": {
        "f+": {
            "a0": 0.02809178869872368,
            "a1": 0.3791785455658475,
            "a2": 2.6349339571283488
        },
        "fT": {
            "a0": 0.036358593548297465,
            "a1": 2.2036619810355114,
            "a2": 31.782719189064913
        },
        "f0": {
            "a1": 0.3651151563337801,
            "a2": 2.5261593380065115
        }
    },
    "correlation": {
        "fTf0": {
            "a1a2": -0.0020273504846875312,
            "a0a1": 0.17333278162595286,
            "a0a2": 0.10247510607697276,
            "a1a1": -0.0015945315689598932,
            "a2a2": 0.003079347315183189,
            "a2a1": 0.0011618719109774904
        },
        "f+f+": {
            "a2a1": 0.15703422014497526,
            "a1a2": 0.15703422014497526,
            "a2a0": -0.1392108944987795,
            "a0a0": 1.0,
            "a1a0": 0.307310813455567,
            "a0a2": -0.1392108944987795,
            "a1a1": 1.0,
            "a2a2": 1.0,
            "a0a1": 0.307310813455567
        },
        "f+f0": {
            "a1a2": 0.24214915040452856,
            "a0a1": 0.4241802444754962,
            "a0a2": 0.18531266306575392,
            "a1a1": 0.43001347121764766,
            "a2a2": 0.07784167902314144,
            "a2a1": -0.005121727464496161
        },
        "fTfT": {
            "a2a1": -0.95883795101368,
            "a1a2": -0.95883795101368,
            "a2a0": 0.4828233857452543,
            "a0a0": 1.0,
            "a1a0": -0.6544755108025897,
            "a0a2": 0.4828233857452543,
            "a1a1": 1.0,
            "a2a2": 1.0,
            "a0a1": -0.6544755108025897
        },
        "f0fT": {
            "a1a2": 0.0011618719109774904,
            "a2a0": 0.10247510607697276,
            "a2a1": -0.0020273504846875312,
            "a1a0": 0.17333278162595286,
            "a1a1": -0.0015945315689598932,
            "a2a2": 0.003079347315183189
        },
        "f0f0": {
            "a1a2": 0.6501561348891965,
            "a1a1": 1.0,
            "a2a1": 0.6501561348891965,
            "a2a2": 1.0
        },
        "fTf+": {
            "a2a1": -0.004095745091216265,
            "a1a2": 0.007477797945378059,
            "a2a0": 0.0018083153334501768,
            "a0a0": 0.26255502965472227,
            "a1a0": -0.005269802473931527,
            "a0a2": -0.01059397514265482,
            "a1a1": 0.004261949803807071,
            "a2a2": -0.006831453358877668,
            "a0a1": 0.146058882881641
        },
        "f+fT": {
            "a2a1": 0.007477797945378059,
            "a1a2": -0.004095745091216265,
            "a2a0": -0.01059397514265482,
            "a0a0": 0.26255502965472227,
            "a1a0": 0.146058882881641,
            "a0a2": 0.0018083153334501768,
            "a1a1": 0.004261949803807071,
            "a2a2": -0.006831453358877668,
            "a0a1": -0.005269802473931527
        },
        "f0f+": {
            "a1a2": -0.005121727464496161,
            "a2a0": 0.18531266306575392,
            "a2a1": 0.24214915040452856,
            "a1a0": 0.4241802444754962,
            "a1a1": 0.43001347121764766,
            "a2a2": 0.07784167902314144
        }
    },
    "central": {
        "f+": {
            "a0": 0.6808814829635919,
            "a1": -2.221782088112512,
            "a2": 0.6541000835887975
        },
        "fT": {
            "a0": 0.5648201165054019,
            "a1": -2.502775386533468,
            "a2": 10.59175281076362
        },
        "f0": {
            "a1": 0.5779088408438552,
            "a2": 1.327116201548622
        }
    }
}
