{
    "uncertainty": {
        "T1": {
            "a0": 0.1037626130910993,
            "a2": 39.95211790337628,
            "a1": 2.6341783898939686
        },
        "A0": {
            "a0": 0.1081297757532161,
            "a2": 50.02577235045439,
            "a1": 3.7258213966357325
        },
        "A12": {
            "a2": 31.37585306468244,
            "a1": 1.7808999715542895
        },
        "T2": {
            "a2": 47.56436207007832,
            "a1": 3.1189794705311042
        },
        "A1": {
            "a0": 0.09045942343188192,
            "a2": 41.75749175903269,
            "a1": 2.6367048029175337
        },
        "V": {
            "a0": 0.12826467568842667,
            "a2": 44.285122830048806,
            "a1": 2.9364899729860903
        },
        "T23": {
            "a0": 0.11361929468628508,
            "a2": 57.66150634038508,
            "a1": 3.658078186601999
        }
    },
    "central": {
        "T1": {
            "a0": 0.6345457207774636,
            "a2": -0.7044948165322704,
            "a1": -1.415987126407053
        },
        "A0": {
            "a0": 0.670050553248689,
            "a2": 4.142108872726158,
            "a1": -2.199987732264871
        },
        "A12": {
            "a2": -0.2245847149849823,
            "a1": 0.2290328090903999
        },
        "T2": {
            "a2": -0.4904037070379432,
            "a1": 1.585024376626186
        },
        "A1": {
            "a0": 0.599986664237791,
            "a2": 0.804639222042595,
            "a1": 0.9206797471679162
        },
        "V": {
            "a0": 0.6915010412736222,
            "a2": -3.773903692351789,
            "a1": -1.199753864310677
        },
        "T23": {
            "a0": 0.8092462257968681,
            "a2": 4.87422542072693,
            "a1": 0.6096479114969915
        }
    },
    "correlation": {
        "T2T1": {
            "a1a2": -0.2956848638768241,
            "a2a0": 0.15065779142064867,
            "a1a1": 0.3901117222212132,
            "a2a2": 0.21942209273698599,
            "a1a0": -0.09936722513556974,
            "a2a1": -0.2952364944823343
        },
        "A0T2": {
            "a1a2": -0.008259662681596848,
            "a1a1": 0.0049948347504313,
            "a2a2": 0.010139294374061535,
            "a2a1": -0.009023350126430735,
            "a0a1": 0.096225288268371,
            "a0a2": -0.008661987823271615
        },
        "A1T1": {
            "a1a2": 0.0011594304513455262,
            "a2a0": -0.014489883710280118,
            "a1a1": -0.009839112743996702,
            "a0a0": 0.860883295572125,
            "a2a2": -0.0001367280681981374,
            "a1a0": 0.1186699163137273,
            "a2a1": 0.002461404009385908,
            "a0a1": -0.06964227298506721,
            "a0a2": 0.008765612638280533
        },
        "T2A12": {
            "a2a2": -0.0029120806381601853,
            "a1a2": 0.004159925005389153,
            "a2a1": 0.0001435090435170126,
            "a1a1": 0.004128624822252314
        },
        "VA1": {
            "a1a2": 0.0027574271316162073,
            "a2a0": 0.021229913479446878,
            "a1a1": -0.017746462331381874,
            "a0a0": 0.8609536203908509,
            "a2a2": -0.0007043446038108832,
            "a1a0": -0.11768198635339473,
            "a2a1": 0.002552524416486795,
            "a0a1": 0.12280956686647482,
            "a0a2": -0.013862255357211577
        },
        "VT2": {
            "a1a2": 0.010992757431006625,
            "a1a1": -0.026268275807914857,
            "a2a2": -0.009261814712622515,
            "a2a1": 0.011138574110684203,
            "a0a1": 0.13582817826448348,
            "a0a2": -0.023027687239591345
        },
        "T1T23": {
            "a1a2": -0.00012643095849806756,
            "a2a0": 0.004197379444886347,
            "a1a1": -0.007012903145140116,
            "a0a0": 0.8348294714877429,
            "a2a2": -0.00033803167204457865,
            "a1a0": -0.06469618727163252,
            "a2a1": 0.0026192313953181286,
            "a0a1": 0.04833423349536683,
            "a0a2": 0.028971596440077543
        },
        "VA0": {
            "a1a2": -0.002818573458038648,
            "a2a0": 0.018860012494648602,
            "a1a1": 0.006780057358654427,
            "a0a0": 0.7269312374022564,
            "a2a2": 0.002587324815160158,
            "a1a0": -0.09982549002109725,
            "a2a1": -0.003991721696108387,
            "a0a1": -0.03497147604362735,
            "a0a2": 0.01024782446548229
        },
        "T2V": {
            "a1a2": 0.011138574110684203,
            "a2a0": -0.023027687239591345,
            "a1a1": -0.026268275807914857,
            "a2a2": -0.009261814712622515,
            "a1a0": 0.13582817826448348,
            "a2a1": 0.010992757431006625
        },
        "A0A12": {
            "a1a2": -0.28567934211184887,
            "a1a1": 0.4408813010471397,
            "a2a2": 0.23887986875677714,
            "a2a1": -0.36682087758080023,
            "a0a1": -0.24382515835156535,
            "a0a2": 0.19304222185770228
        },
        "T23A0": {
            "a1a2": -0.001916264348165516,
            "a2a0": 0.02424341503447953,
            "a1a1": 0.0016735412233965488,
            "a0a0": 0.719726275811068,
            "a2a2": 0.002198170590048366,
            "a1a0": 0.037406306826760265,
            "a2a1": -0.002871046275406039,
            "a0a1": -0.04152845399812892,
            "a0a2": 0.011722303267607339
        },
        "A0V": {
            "a1a2": -0.003991721696108387,
            "a2a0": 0.01024782446548229,
            "a1a1": 0.006780057358654427,
            "a0a0": 0.7269312374022564,
            "a2a2": 0.002587324815160158,
            "a1a0": -0.03497147604362735,
            "a2a1": -0.002818573458038648,
            "a0a1": -0.09982549002109725,
            "a0a2": 0.018860012494648602
        },
        "VT23": {
            "a1a2": -0.0025877665476502793,
            "a2a0": 0.017390845800719902,
            "a1a1": -0.008478802343049898,
            "a0a0": 0.8286686823885774,
            "a2a2": -0.0035395442660297732,
            "a1a0": -0.11072290903061847,
            "a2a1": 0.005132125932598848,
            "a0a1": 0.04948378174259471,
            "a0a2": 0.03043059948850424
        },
        "A0T23": {
            "a1a2": -0.002871046275406039,
            "a2a0": 0.011722303267607339,
            "a1a1": 0.0016735412233965488,
            "a0a0": 0.719726275811068,
            "a2a2": 0.002198170590048366,
            "a1a0": -0.04152845399812892,
            "a2a1": -0.001916264348165516,
            "a0a1": 0.037406306826760265,
            "a0a2": 0.02424341503447953
        },
        "A12A0": {
            "a1a2": -0.36682087758080023,
            "a2a0": 0.19304222185770228,
            "a1a1": 0.4408813010471397,
            "a2a2": 0.23887986875677714,
            "a1a0": -0.24382515835156535,
            "a2a1": -0.28567934211184887
        },
        "T1T1": {
            "a1a2": -0.9574050662766528,
            "a2a0": 0.18266643991120526,
            "a1a1": 1.0,
            "a0a0": 1.0,
            "a2a2": 1.0,
            "a1a0": -0.30332165546222023,
            "a2a1": -0.9574050662766528,
            "a0a1": -0.30332165546222023,
            "a0a2": 0.18266643991120526
        },
        "T1A0": {
            "a1a2": -0.009385033874357065,
            "a2a0": 0.008671874785428494,
            "a1a1": 0.010078580222718684,
            "a0a0": 0.7323635017056112,
            "a2a2": 0.00670124611299198,
            "a1a0": -0.06190743466226985,
            "a2a1": -0.005557782423717393,
            "a0a1": -0.039049147499775796,
            "a0a2": 0.013028044965325156
        },
        "T1T2": {
            "a1a2": -0.2952364944823343,
            "a1a1": 0.3901117222212132,
            "a2a2": 0.21942209273698599,
            "a2a1": -0.2956848638768241,
            "a0a1": -0.09936722513556974,