{
    "central": {
        "A0": {
            "a0": 0.6759274184148141,
            "a2": 9.24495323738047,
            "a1": -2.663700079984666
        },
        "T23": {
            "a0": 0.806230464649646,
            "a2": 4.667079193615467,
            "a1": 0.5855443911134184
        },
        "A12": {
            "a2": 5.724359813703122,
            "a1": -0.1487638329486358
        },
        "T2": {
            "a2": 0.006625613047247359,
            "a1": 1.522684874603372
        },
        "V": {
            "a0": 0.6851323923652662,
            "a2": -4.016847943717434,
            "a1": -1.16783793558669
        },
        "A1": {
            "a0": 0.601315572767782,
            "a2": 10.48603248711299,
            "a1": 0.2689438444495897
        },
        "T1": {
            "a0": 0.6302298493900512,
            "a2": -0.6878528871949201,
            "a1": -1.417576776632095
        }
    },
    "correlation": {
        "A0V": {
            "a0a1": -0.051012465342145576,
            "a2a0": -0.06346208590027952,
            "a1a0": 0.04872077394455052,
            "a1a1": 0.0007359280675365645,
            "a2a1": 0.0016971315845699605,
            "a0a2": 0.006934522865130662,
            "a2a2": 0.0040688011473432335,
            "a0a0": 0.6245974545442846,
            "a1a2": -0.005358522109757004
        },
        "A1T1": {
            "a0a1": -0.05070577715693431,
            "a2a0": -0.5176301050635567,
            "a1a0": 0.7888747099734784,
            "a1a1": -0.04845701793150848,
            "a2a1": 0.0349844395969255,
            "a0a2": 0.005372875014332667,
            "a2a2": -0.004253325558189094,
            "a0a0": 0.7894366923086663,
            "a1a2": 0.004243724610063977
        },
        "A12A0": {
            "a2a1": 0.2052572335916638,
            "a1a0": 0.28557435582185753,
            "a1a1": 0.04936800892907402,
            "a2a0": -0.3442014903273888,
            "a2a2": -0.15766340473968435,
            "a1a2": -0.042113952047114975
        },
        "A1T2": {
            "a0a1": 0.06154215660501615,
            "a2a1": -0.035174915119134946,
            "a1a1": 0.06600472677065194,
            "a0a2": 0.0008106841913345194,
            "a2a2": -0.0035631785105157973,
            "a1a2": -0.0015949643175654415
        },
        "T1T23": {
            "a0a1": 0.023863942626268186,
            "a2a0": 0.00033785938973192623,
            "a1a0": -0.043890728164729935,
            "a1a1": -0.0057081870816218785,
            "a2a1": 0.003097205147728326,
            "a0a2": 0.017226709688656597,
            "a2a2": -0.002401420465626084,
            "a0a0": 0.7391781636422687,
            "a1a2": 0.0032319329955556443
        },
        "A0T2": {
            "a0a1": 0.04173396218745605,
            "a2a1": -0.016406572081436265,
            "a1a1": 0.014754489968204151,
            "a0a2": 0.005142233635213442,
            "a2a2": 0.01168857772281158,
            "a1a2": -0.010138518862279537
        },
        "VT2": {
            "a0a1": 0.07463303347548098,
            "a2a1": 0.008248711381284596,
            "a1a1": -0.01405978603883531,
            "a0a2": -0.009235765605747898,
            "a2a2": -0.009377284578554721,
            "a1a2": 0.009882881122549102
        },
        "T23A0": {
            "a0a1": 0.04306128320380528,
            "a2a0": 0.012277884098373751,
            "a1a0": 0.018318255671682146,
            "a1a1": 0.0048918396902284614,
            "a2a1": 2.4843833772006304e-05,
            "a0a2": -0.062455224740327074,
            "a2a2": -0.00044946369950426163,
            "a0a0": 0.6280219370452927,
            "a1a2": -0.0036587543880366507
        },
        "T2A1": {
            "a2a1": -0.0015949643175654415,
            "a1a0": 0.06154215660501615,
            "a1a1": 0.06600472677065194,
            "a2a0": 0.0008106841913345194,
            "a2a2": -0.0035631785105157973,
            "a1a2": -0.035174915119134946
        },
        "T1T2": {
            "a0a1": -0.23810806679221166,
            "a2a1": -0.29436088192651605,
            "a1a1": 0.3963976329602311,
            "a0a2": 0.221409436751185,
            "a2a2": 0.2149703410365154,
            "a1a2": -0.29328435815335213
        },
        "VT1": {
            "a0a1": -0.043697436756078206,
            "a2a0": 0.00039987150869486015,
            "a1a0": -0.0552108191151641,
            "a1a1": -0.011084174065774225,
            "a2a1": 0.014327830228922256,
            "a0a2": 0.0016425807671186206,
            "a2a2": -0.015268624449503766,
            "a0a0": 0.7642396369251135,
            "a1a2": 0.014639486936524443
        },
        "T2V": {
            "a2a1": 0.009882881122549102,
            "a1a0": 0.07463303347548098,
            "a1a1": -0.01405978603883531,
            "a2a0": -0.009235765605747898,
            "a2a2": -0.009377284578554721,
            "a1a2": 0.008248711381284596
        },
        "VT23": {
            "a0a1": 0.0234283672228247,
            "a2a0": 0.005258421821779019,
            "a1a0": -0.057755964061019606,
            "a1a1": -0.001093588373938116,
            "a2a1": 0.0004885090629287145,
            "a0a2": 0.019444655349951045,
            "a2a2": -0.0007891438560280501,
            "a0a0": 0.7284494591378118,
            "a1a2": -0.0018993284198878697
        },
        "VA0": {
            "a0a1": 0.04872077394455052,
            "a2a0": 0.006934522865130662,
            "a1a0": -0.051012465342145576,
            "a1a1": 0.0007359280675365645,
            "a2a1": -0.005358522109757004,
            "a0a2": -0.06346208590027952,
            "a2a2": 0.0040688011473432335,
            "a0a0": 0.6245974545442846,
            "a1a2": 0.0016971315845699605
        },
        "T2T1": {
            "a2a1": -0.29328435815335213,
            "a1a0": -0.23810806679221166,
            "a1a1": 0.3963976329602311,
            "a2a0": 0.221409436751185,
            "a2a2": 0.2149703410365154,
            "a1a2": -0.29436088192651605
        },
        "A12T23": {
            "a2a1": -0.002312958983858275,
            "a1a0": 0.29889294994001536,
            "a1a1": 0.0065529413430438855,
            "a2a0": -0.2107891173852269,
            "a2a2": -0.00421585567451347,
            "a1a2": 0.007094318162764562
        },
        "T1A0": {
            "a0a1": 0.04463312786986393,
            "a2a0": 0.0056912686077315545,
            "a1a0": -0.04406666412618415,
            "a1a1": 0.00479615490327785,
            "a2a1": -0.005733702234240587,
            "a0a2": -0.05974893488242191,
            "a2a2": 0.007696823832396411,
            "a0a0": 0.636235252676769,
            "a1a2": -0.005881517765791823
        },
        "T1V": {
            "a0a1": -0.0552108191151641,
            "a2a0": 0.0016425807671186206,
            "a1a0": -0.043697436756078206,
            "a1a1": -0.011084174065774225,
            "a2a1": 0.014639486936524443,
            "a0a2": 0.00039987150869486015,
            "a2a2": -0.015268624449503766,
            "a0a0": 0.7642396369251135,
            "a1a2": 0.014327830228922256
        },
        "VV": {
            "a0a1": -0.36335026271485926,
            "a2a0": 0.22811503892091337,
            "a1a0": -0.36335026271485926,
            "a1a1": 1.0,
            "a2a1": -0.9573537886483257,
            "a0a2": 0.22811503892091337,
            "a2a2": 1.0,
            "a0a0": 1.0,
            "a1a2": -0.9573537886483257
        },
        "VA12": {
            "a0a1": 0.2998234406900831,
            "a2a1": 0.0037740008621379066,
            "a1a1": -0.02636414365653861,
            "a0a2": -0.2025995783508127,
            "a2a2": -0.004545588136479818,
            "a1a2": 0.019403248806895874
        },
        "T2T23": {
            "a2a1": -0.003045723870348072,
            "a1a0": 0.08250309133841204,
            "a1a1": 0.00524087384077695,
            "a2a0": -0.017191343382776926,
            "a2a2": 0.0027709769537281412,