{
    "central": {
        "f+": {
            "a0": 0.2655528728950212,
            "a2": -0.1337677825631754,
            "a1": -0.6466140804171657
        },
        "f0": {
            "a2": -0.6628825163091753,
            "a1": 0.3841222758978433
        },
        "fT": {
            "a0": 0.2510192324158927,
            "a2": 0.0999901466869552,
            "a1": -0.6508680050905388
        }
    },
    "uncertainty": {
        "f+": {
            "a0": 0.08009905609847959,
            "a2": 5.753498788004086,
            "a1": 0.4882976078914857
        },
        "f0": {
            "a2": 5.995508091957443,
            "a1": 0.3828140046234049
        },
        "fT": {
            "a0": 0.06758673149251439,
            "a2": 5.646020474170621,
            "a1": 0.46087244716364606
        }
    },
    "correlation": {
        "f+f+": {
            "a1a1": 1.0,
            "a1a0": -0.529330343400812,
            "a0a2": 0.014408372046426518,
            "a0a1": -0.529330343400812,
            "a0a0": 1.0,
            "a2a2": 1.0,
            "a2a1": -0.7552120084197654,
            "a2a0": 0.014408372046426518,
            "a1a2": -0.7552120084197654
        },
        "f+f0": {
            "a1a1": 0.0059156283461673604,
            "a0a2": -0.06404351719850239,
            "a0a1": 0.0513697582859821,
            "a2a2": 0.2249413529459887,
            "a2a1": -0.0875577055078013,
            "a1a2": -0.0419638052200174
        },
        "f0fT": {
            "a1a1": -0.0029249639368403814,
            "a1a0": 0.013784605687190673,
            "a2a2": 0.0045303600661441915,
            "a2a1": -0.0149040724249497,
            "a2a0": 0.022913739025978784,
            "a1a2": -0.0004161009701127497
        },
        "f0f0": {
            "a1a1": 1.0,
            "a2a2": 1.0,
            "a2a1": -0.7750331624319144,
            "a1a2": -0.7750331624319144
        },
        "f+fT": {
            "a1a1": 0.29514553048636244,
            "a1a0": -0.5360501834356155,
            "a0a2": 0.08732301506439576,
            "a0a1": -0.5111737618494756,
            "a0a0": 0.9596302556691831,
            "a2a2": 0.009142568712102199,
            "a2a1": -0.0528731752547245,
            "a2a0": 0.08390984248664551,
            "a1a2": -0.05041906875553184
        },
        "fTf+": {
            "a1a1": 0.29514553048636244,
            "a1a0": -0.5111737618494756,
            "a0a2": 0.08390984248664551,
            "a0a1": -0.5360501834356155,
            "a0a0": 0.9596302556691831,
            "a2a2": 0.009142568712102199,
            "a2a1": -0.05041906875553184,
            "a1a2": -0.0528731752547245,
            "a2a0": 0.08732301506439576
        },
        "f0f+": {
            "a1a1": 0.0059156283461673604,
            "a1a0": 0.0513697582859821,
            "a2a2": 0.2249413529459887,
            "a2a1": -0.0419638052200174,
            "a1a2": -0.0875577055078013,
            "a2a0": -0.06404351719850239
        },
        "fTf0": {
            "a1a1": -0.0029249639368403814,
            "a0a2": 0.022913739025978784,
            "a0a1": 0.013784605687190673,
            "a2a2": 0.0045303600661441915,
            "a2a1": -0.0004161009701127497,
            "a1a2": -0.0149040724249497
        },
        "fTfT": {
            "a1a1": 1.0,
            "a1a0": -0.501124780997508,
            "a0a2": -0.01485068634448952,
            "a0a1": -0.501124780997508,
            "a0a0": 1.0,
            "a2a2": 1.0,
            "a2a1": -0.7499137398173505,
            "a2a0": -0.01485068634448952,
            "a1a2": -0.7499137398173505
        }
    }
}
