{
    "correlation": {
        "f+f0": {
            "a0a2": 0.17551630264783608,
            "a2a2": 0.10371953259538624,
            "a1a2": 0.1745353183162036,
            "a0a1": 0.6037549382784551,
            "a2a1": -0.22739041011931727,
            "a1a1": 0.07425007984861388
        },
        "fTf0": {
            "a0a2": 0.22734236319770249,
            "a2a2": -0.08722241830109534,
            "a1a2": -0.01938826217862484,
            "a0a1": 0.5730955652893015,
            "a2a1": -0.2474436387656768,
            "a1a1": -0.052738308369365425
        },
        "f0f0": {
            "a1a2": 0.8421567164236762,
            "a2a1": 0.8421567164236762,
            "a1a1": 1.0,
            "a2a2": 1.0
        },
        "fTf+": {
            "a0a0": 0.83615522671938,
            "a0a2": -0.44047869427967296,
            "a1a0": -0.0780761783679571,
            "a2a2": 0.2773855971491195,
            "a2a0": -0.3614633923833069,
            "a1a2": 0.11438800044960137,
            "a0a1": -0.08789962229283649,
            "a2a1": 0.10760440263534721,
            "a1a1": 0.12212334433962749
        },
        "f+f+": {
            "a0a0": 1.0,
            "a0a2": -0.5716485028188322,
            "a1a0": -0.16512057162101487,
            "a2a2": 1.0,
            "a2a0": -0.5716485028188322,
            "a1a2": 0.7673446664362858,
            "a0a1": -0.16512057162101487,
            "a2a1": 0.7673446664362858,
            "a1a1": 1.0
        },
        "f0fT": {
            "a2a0": 0.22734236319770249,
            "a2a2": -0.08722241830109534,
            "a1a0": 0.5730955652893015,
            "a1a2": -0.2474436387656768,
            "a2a1": -0.01938826217862484,
            "a1a1": -0.052738308369365425
        },
        "fTfT": {
            "a0a0": 1.0,
            "a0a2": -0.5843921207259567,
            "a1a0": -0.30740932372426266,
            "a2a2": 1.0,
            "a2a0": -0.5843921207259567,
            "a1a2": 0.5975122955480708,
            "a0a1": -0.30740932372426266,
            "a2a1": 0.5975122955480708,
            "a1a1": 1.0
        },
        "f+fT": {
            "a0a0": 0.83615522671938,
            "a0a2": -0.3614633923833069,
            "a1a0": -0.08789962229283649,
            "a2a2": 0.2773855971491195,
            "a2a0": -0.44047869427967296,
            "a1a2": 0.10760440263534721,
            "a0a1": -0.0780761783679571,
            "a2a1": 0.11438800044960137,
            "a1a1": 0.12212334433962749
        },
        "f0f+": {
            "a2a0": 0.17551630264783608,
            "a2a2": 0.10371953259538624,
            "a1a0": 0.6037549382784551,
            "a1a2": -0.22739041011931727,
            "a2a1": 0.1745353183162036,
            "a1a1": 0.07425007984861388
        }
    },
    "central": {
        "fT": {
            "a1": -0.7735456824025474,
            "a0": 0.2993831492500477,
            "a2": 0.009554375102511888
        },
        "f+": {
            "a1": -0.8669465867427438,
            "a0": 0.3290899285463681,
            "a2": 0.006095669673341246
        },
        "f0": {
            "a1": 0.195117199570376,
            "a2": -0.4461264576740431
        }
    },
    "uncertainty": {
        "fT": {
            "a1": 0.1501283039139932,
            "a0": 0.025872030646127343,
            "a2": 0.8715760989774238
        },
        "f+": {
            "a1": 0.13814361973628353,
            "a0": 0.02772821914511607,
            "a2": 0.7508262983344038
        },
        "f0": {
            "a1": 0.1680967198344544,
            "a2": 0.40894628457968657
        }
    }
}
