{
    "central": {
        "A12": {
            "a1": 0.5553962796553867,
            "a2": 0.6647053900993466
        },
        "T23": {
            "a1": 0.7287741888333001,
            "a0": 0.6454874220120908,
            "a2": -0.3112553766962693
        },
        "T2": {
            "a1": 0.6959696346749498,
            "a2": -1.113673506683323
        },
        "A1": {
            "a1": 0.5046280709625639,
            "a0": 0.3012383696993843,
            "a2": 1.141750032190025
        },
        "T1": {
            "a1": -0.8677845009935159,
            "a0": 0.3378196251357424,
            "a2": -0.1169443466566312
        },
        "V": {
            "a1": -1.103511147185581,
            "a0": 0.3815471168511042,
            "a2": 2.106635064481039
        },
        "A0": {
            "a1": -1.129631202254993,
            "a0": 0.3433920997134539,
            "a2": 2.326291948822512
        }
    },
    "uncertainty": {
        "A12": {
            "a1": 0.34829163614161196,
            "a2": 2.080877895997936
        },
        "T23": {
            "a1": 0.7420233695564566,
            "a0": 0.05180368551888848,
            "a2": 13.280870793001721
        },
        "T2": {
            "a1": 0.36046507197912075,
            "a2": 6.28086117378163
        },
        "A1": {
            "a1": 0.14954485346604238,
            "a0": 0.026726068391991806,
            "a2": 0.7525585788011253
        },
        "T1": {
            "a1": 0.3895946174684902,
            "a0": 0.03358210134016746,
            "a2": 5.825605417122835
        },
        "V": {
            "a1": 0.1697989659892044,
            "a0": 0.03893447768067124,
            "a2": 2.1513996843903724
        },
        "A0": {
            "a1": 0.19916708172489933,
            "a0": 0.029499080713642413,
            "a2": 1.7880455795392056
        }
    },
    "correlation": {
        "A12A1": {
            "a1a2": 0.28104439249163865,
            "a2a2": 0.38101165406298354,
            "a2a0": 0.16700077145627776,
            "a1a1": 0.5761886478413081,
            "a1a0": 0.3211924265696776,
            "a2a1": 0.4909158131624785
        },
        "A12A12": {
            "a2a1": 0.9157495611750984,
            "a1a1": 1.0,
            "a1a2": 0.9157495611750984,
            "a2a2": 1.0
        },
        "T23T23": {
            "a0a1": 0.1715212221487169,
            "a0a2": -0.31255541891196487,
            "a2a1": -0.7808946577853166,
            "a2a2": 1.0,
            "a2a0": -0.31255541891196487,
            "a1a1": 1.0,
            "a0a0": 1.0,
            "a1a2": -0.7808946577853166,
            "a1a0": 0.1715212221487169
        },
        "T2A12": {
            "a2a1": 0.004866105613493456,
            "a1a1": 0.03980618291642019,
            "a1a2": 0.021235363102600987,
            "a2a2": 0.006685963547848139
        },
        "T1T2": {
            "a0a1": 0.24906975477600463,
            "a0a2": -0.1834877051203246,
            "a1a2": -0.021646023231890462,
            "a2a2": 0.18221710494207094,
            "a1a1": -0.024405990172472806,
            "a2a1": -0.08255762738729196
        },
        "VA1": {
            "a0a1": 0.62603812090201,
            "a0a2": -0.11850666888332838,
            "a2a1": -0.4016302717463798,
            "a2a2": 0.12053198011064893,
            "a2a0": -0.4338281617224479,
            "a1a1": 0.031156037526912324,
            "a0a0": 0.8886253384198028,
            "a1a2": -0.03802055620341776,
            "a1a0": -0.11013403246328245
        },
        "T2A0": {
            "a1a2": -0.011399408132468288,
            "a2a2": 0.003165038271228244,
            "a2a0": -0.0011377103400542427,
            "a1a1": -0.006237784310796256,
            "a1a0": 0.09082235100832263,
            "a2a1": -0.0009535513552766625
        },
        "A0V": {
            "a0a1": -0.12074005362968514,
            "a0a2": -0.20460450688249465,
            "a1a2": -0.058470770559971075,
            "a2a2": 0.12618376767077383,
            "a2a0": -0.07517039746117571,
            "a1a1": 0.11998775437453145,
            "a0a0": 0.5197143188810792,
            "a2a1": -0.07357745544926181,
            "a1a0": -0.08004584411818352
        },
        "T1T1": {
            "a0a1": -0.20370786555475626,
            "a0a2": -0.10764435314281026,
            "a2a1": -0.833566141262138,
            "a2a2": 1.0,
            "a2a0": -0.10764435314281026,
            "a1a1": 1.0,
            "a0a0": 1.0,
            "a1a2": -0.833566141262138,
            "a1a0": -0.20370786555475626
        },
        "T1A1": {
            "a0a1": 0.6415951540754437,
            "a0a2": -0.12131250071157099,
            "a2a1": 0.005716172830273713,
            "a2a2": -0.005252116305734298,
            "a2a0": 0.01323503731352192,
            "a1a1": -0.151466551316923,
            "a0a0": 0.9016292218497742,
            "a1a2": 0.03526957065999553,
            "a1a0": -0.22088205880890815
        },
        "T1T23": {
            "a0a1": 0.06813342176608189,
            "a0a2": 0.0026211905175446437,
            "a1a2": -0.00581668550787958,
            "a2a2": 0.007627208425823976,
            "a2a0": 0.010929454956309365,
            "a1a1": -0.0037120387494605097,
            "a0a0": 0.728377966706569,
            "a2a1": -0.009906239442382767,
            "a1a0": -0.1879793849151469
        },
        "VA0": {
            "a0a1": -0.08004584411818352,
            "a0a2": -0.07517039746117571,
            "a2a1": -0.058470770559971075,
            "a2a2": 0.12618376767077383,
            "a2a0": -0.20460450688249465,
            "a1a1": 0.11998775437453145,
            "a0a0": 0.5197143188810792,
            "a1a2": -0.07357745544926181,
            "a1a0": -0.12074005362968514
        },
        "VV": {
            "a0a1": -0.24777360183592176,
            "a0a2": -0.6456451650802787,
            "a2a1": 0.3248314151737152,
            "a2a2": 1.0,
            "a2a0": -0.6456451650802787,
            "a1a1": 1.0,
            "a0a0": 1.0,
            "a1a2": 0.3248314151737152,
            "a1a0": -0.24777360183592176
        },
        "T2A1": {
            "a1a2": -0.02800665900329511,
            "a2a2": 0.006414401711374255,
            "a2a0": -0.011220267810936971,
            "a1a1": 0.12278331488181951,
            "a1a0": 0.17408035527203564,
            "a2a1": -0.007285897264889217
        },
        "A0T1": {
            "a0a1": -0.13109533584347102,
            "a0a2": 0.009105744726593451,
            "a1a2": 0.0034413493498092204,
            "a2a2": -0.0023602864794394583,
            "a2a0": -0.08081551152645987,
            "a1a1": 0.016317237418702567,
            "a0a0": 0.5232335484453194,
            "a2a1": 0.021715324836948026,
            "a1a0": -0.0761979282350367
        },
        "T23T1": {
            "a0a1": -0.1879793849151469,
            "a0a2": 0.010929454956309365,
            "a2a1": -0.00581668550787958,
            "a2a2": 0.007627208425823976,
            "a2a0": 0.0026211905175446437,
            "a1a1": -0.0037120387494605097,
            "a0a0": 0.728377966706569,
            "a1a2": -0.009906239442382767,
            "a1a0": 0.06813342176608189
        },
        "A1T23": {
            "a0a1": 0.06782683826364219,
            "a0a2": 0.003083732112772812,
            "a1a2": 0.00016668695866321385,
            "a2a2": 0.004721868065688541,
            "a2a0": -0.08389486436829764,
            "a1a1": 0.05718265917086833,
            "a0a0": 0.7340637314155117,
            "a2a1": -0.007537301084325476,
            "a1a0": 0.5233304065142526
        },
        "T23A1": {
            "a0a1": 0.5233304065142526,
            "a0a2": -0.08389486436829764,
            "a2a1": 0.00016668695866321385,
            "a2a2": 0.004721868065688541,
            "a2a0": 0.003083732112772812,
            "a1a1": 0.05718265917086833,
            "a0a0": 0.7340637314155117,
            "a1a2": -0.007537301084325476,