{
    "central": {
        "A12": {
            "a2": -0.5503409807129199,
            "a1": 0.2562656111706637
        },
        "V": {
            "a0": 0.3245160186497879,
            "a2": -0.5615478365432042,
            "a1": -0.7759254346044123
        },
        "T23": {
            "a0": 0.5798572662094974,
            "a2": -0.4504317678393136,
            "a1": 0.6536261917256043
        },
        "T1": {
            "a0": 0.2874948700463931,
            "a2": -0.2457768503570863,
            "a1": -0.7209004764950822
        },
        "A0": {
            "a0": 0.3052008490740308,
            "a2": 0.6180529797336485,
            "a1": -0.9062138334213113
        },
        "A1": {
            "a0": 0.2593945344444926,
            "a2": -0.5746207172478975,
            "a1": 0.437308104587007
        },
        "T2": {
            "a2": -0.9282192907339308,
            "a1": 0.5947831288310546
        }
    },
    "uncertainty": {
        "A12": {
            "a2": 14.165366830819705,
            "a1": 0.8166863097948055
        },
        "V": {
            "a0": 0.11039481137155953,
            "a2": 6.778228338091887,
            "a1": 0.545135188189832
        },
        "T23": {
            "a0": 0.12403715045208871,
            "a2": 13.306498873576697,
            "a1": 0.7535129610959626
        },
        "T1": {
            "a0": 0.09395290497136909,
            "a2": 5.823589942850698,
            "a1": 0.464011311177107
        },
        "A0": {
            "a0": 0.0684995456216797,
            "a2": 6.593754628767907,
            "a1": 0.45580193934544094
        },
        "A1": {
            "a0": 0.08189069692532593,
            "a2": 4.953730510845941,
            "a1": 0.35521497778141053
        },
        "T2": {
            "a2": 6.282425351839502,
            "a1": 0.40268276828246563
        }
    },
    "correlation": {
        "A1T23": {
            "a1a0": 0.44567336897980037,
            "a1a1": 0.09743316641263755,
            "a0a1": 0.18736913358211416,
            "a2a1": -0.01706997998670532,
            "a2a2": 0.002296216943626061,
            "a0a0": 0.9572371434775679,
            "a1a2": 0.005915418505630299,
            "a0a2": 0.01814631995184646,
            "a2a0": -0.05256271789591124
        },
        "T23A1": {
            "a1a0": 0.18736913358211416,
            "a1a1": 0.09743316641263755,
            "a0a1": 0.44567336897980037,
            "a2a1": 0.005915418505630299,
            "a2a2": 0.002296216943626061,
            "a0a0": 0.9572371434775679,
            "a1a2": -0.01706997998670532,
            "a0a2": -0.05256271789591124,
            "a2a0": 0.01814631995184646
        },
        "T1V": {
            "a1a0": -0.5737465580733172,
            "a1a1": 0.361245407491296,
            "a0a1": -0.6175246747192066,
            "a2a1": -0.021736730864289365,
            "a2a2": -0.005791886864712659,
            "a0a0": 0.9821778643211991,
            "a1a2": -0.03142198338030176,
            "a0a2": 0.057594272770887335,
            "a2a0": 0.03940368697871485
        },
        "VA12": {
            "a1a1": -0.047632774539698546,
            "a0a1": 0.07680803916572625,
            "a2a1": 0.0065572009390320735,
            "a0a2": 0.0063354302496743805,
            "a1a2": -0.005047686617422766,
            "a2a2": 0.0007911892449362096
        },
        "A1A0": {
            "a1a0": 0.4465009056225346,
            "a1a1": -0.15490033716577828,
            "a0a1": -0.3521362614783197,
            "a2a1": 0.006975325877833506,
            "a2a2": 0.09345239502805106,
            "a0a0": 0.9293135889271503,
            "a1a2": -0.004203963526506647,
            "a0a2": 0.03488827626865211,
            "a2a0": -0.09407785070623961
        },
        "A12T23": {
            "a1a0": 0.07401158932425594,
            "a1a1": 0.018908018593029614,
            "a2a1": -0.004495551641276159,
            "a1a2": 0.0025209515480374327,
            "a2a2": 0.00035344620738605575,
            "a2a0": 0.0065288213706498665
        },
        "T2T23": {
            "a1a0": 0.44973895869290825,
            "a1a1": 0.09640012526481188,
            "a2a1": -0.010523332101541764,
            "a1a2": 0.0050513788168423815,
            "a2a2": 0.0003787303581774846,
            "a2a0": -0.04073378132785551
        },
        "A1T2": {
            "a1a1": 0.21775641796801648,
            "a0a1": 0.4685496232579956,
            "a2a1": -0.019248545761376624,
            "a0a2": -0.047832832681589645,
            "a1a2": -0.022744369687950575,
            "a2a2": 0.0006366177342337896
        },
        "T1A0": {
            "a1a0": -0.5285362658553917,
            "a1a1": 0.21738872221482836,
            "a0a1": -0.36473024132802434,
            "a2a1": -0.01742615538376062,
            "a2a2": 0.003360985149797082,
            "a0a0": 0.9026976971410068,
            "a1a2": -0.03268000795936603,
            "a0a2": 0.05400757602605114,
            "a2a0": 0.0349299286546437
        },
        "VA1": {
            "a1a0": -0.6173232727727307,
            "a1a1": -0.28445238379609666,
            "a0a1": 0.4602894115758452,
            "a2a1": 0.024787767350448443,
            "a2a2": -0.0032424137820725777,
            "a0a0": 0.9831798065150745,
            "a1a2": 0.030901979681556814,
            "a0a2": -0.05312118049181859,
            "a2a0": 0.05638020492433678
        },
        "T23A12": {
            "a1a1": 0.018908018593029614,
            "a0a1": 0.07401158932425594,
            "a2a1": 0.0025209515480374327,
            "a0a2": 0.0065288213706498665,
            "a1a2": -0.004495551641276159,
            "a2a2": 0.00035344620738605575
        },
        "A12A12": {
            "a1a1": 1.0,
            "a1a2": -0.4782765618836515,
            "a2a1": -0.4782765618836515,
            "a2a2": 1.0
        },
        "A12T2": {
            "a1a1": 0.03296065184151945,
            "a1a2": -0.0010129286373359212,
            "a2a1": 0.008064515663876221,
            "a2a2": -0.002403802015360295
        },
        "T2A1": {
            "a1a0": 0.4685496232579956,
            "a1a1": 0.21775641796801648,
            "a2a1": -0.022744369687950575,
            "a1a2": -0.019248545761376624,
            "a2a2": 0.0006366177342337896,
            "a2a0": -0.047832832681589645
        },
        "T2T2": {
            "a1a1": 1.0,
            "a1a2": -0.6950377659875833,
            "a2a1": -0.6950377659875833,
            "a2a2": 1.0
        },
        "VT2": {
            "a1a1": -0.28882333756785994,
            "a0a1": 0.4672000204896788,
            "a2a1": 0.025890692509391824,
            "a0a2": -0.04624222495263615,
            "a1a2": 0.03096226039152268,
            "a2a2": -0.009035273244841992
        },
        "T1A12": {
            "a1a1": -0.039272075469584014,
            "a0a1": 0.07739676470893767,
            "a2a1": -0.0011254771612532726,
            "a0a2": 0.006007247673053692,
            "a1a2": -0.007640831810001899,
            "a2a2": 0.0029917609974600646
        },
        "T23T2": {
            "a1a1": 0.09640012526481188,
            "a0a1": 0.44973895869290825,
            "a2a1": 0.0050513788168423815,
            "a0a2": -0.04073378132785551,
            "a1a2": -0.010523332101541764,
            "a2a2": 0.0003787303581774846
        },
        "A0A0": {
            "a1a0": -0.2899040182865041,
            "a1a1": 1.0,
            "a0a1": -0.2899040182865041,
            "a2a1": -0.7396511426619471,
            "a2a2": 1.0,
            "a0a0": 1.0,
            "a1a2": -0.7396511426619471,
            "a0a2": -0.0762364887417915,
            "a2a0": -0.0762364887417915
        },
        "T23V": {
            "a1a0": 0.18755493992903408,
            "a1a1": -0.11248026068570587,
            "a0a1": -0.6017903891493944,
            "a2a1": -0.011787039377968924,
            "a2a2": 0.00416229318279853,
            "a0a0": 0.9532690484236899,