{
    "correlation": {
        "f+f+": {
            "a1a1": 1.0,
            "a0a0": 1.0,
            "a0a2": 0.3876799201060549,
            "a2a2": 1.0,
            "a1a0": 0.6656696179459998,
            "a2a1": 0.9003574169524068,
            "a2a0": 0.3876799201060549,
            "a1a2": 0.9003574169524068,
            "a0a1": 0.6656696179459998
        },
        "f0f0": {
            "a1a1": 1.0,
            "a1a2": 0.9853292690508213,
            "a2a2": 1.0,
            "a2a1": 0.9853292690508213
        },
        "f0fT": {
            "a1a1": -0.14870450606167,
            "a2a0": 0.6191831700783932,
            "a2a2": 0.017145183696868977,
            "a2a1": -0.14095370174347754,
            "a1a0": 0.6544237443805889,
            "a1a2": 0.017733895251146107
        },
        "fTfT": {
            "a1a1": 1.0,
            "a0a0": 1.0,
            "a0a2": -0.3061592435648203,
            "a2a2": 1.0,
            "a1a0": -0.09364011614568425,
            "a2a1": -0.8043682556407411,
            "a2a0": -0.3061592435648203,
            "a1a2": -0.8043682556407411,
            "a0a1": -0.09364011614568425
        },
        "fTf+": {
            "a1a1": -0.11224766094386568,
            "a0a1": 0.4973430677476677,
            "a0a2": 0.3160344147678302,
            "a2a2": 0.013567573505162623,
            "a1a0": -0.15492913026530808,
            "a2a0": 0.018686712781974264,
            "a2a1": 0.0164313211603884,
            "a0a0": 0.6814799917013313,
            "a1a2": -0.07331986007622997
        },
        "f+f0": {
            "a1a1": 0.6821991002965604,
            "a0a2": 0.8921016387622159,
            "a2a2": 0.434700503887041,
            "a2a1": 0.41594507695174265,
            "a0a1": 0.9497183136412624,
            "a1a2": 0.6799070174811296
        },
        "f0f+": {
            "a1a1": 0.6821991002965604,
            "a2a0": 0.8921016387622159,
            "a2a2": 0.434700503887041,
            "a2a1": 0.6799070174811296,
            "a1a0": 0.9497183136412624,
            "a1a2": 0.41594507695174265
        },
        "fTf0": {
            "a1a1": -0.14870450606167,
            "a0a2": 0.6191831700783932,
            "a2a2": 0.017145183696868977,
            "a2a1": 0.017733895251146107,
            "a0a1": 0.6544237443805889,
            "a1a2": -0.14095370174347754
        },
        "f+fT": {
            "a1a1": -0.11224766094386568,
            "a0a0": 0.6814799917013313,
            "a2a1": -0.07331986007622997,
            "a2a2": 0.013567573505162623,
            "a1a0": 0.4973430677476677,
            "a2a0": 0.3160344147678302,
            "a1a2": 0.0164313211603884,
            "a0a1": -0.15492913026530808,
            "a0a2": 0.018686712781974264
        }
    },
    "central": {
        "f+": {
            "a1": -0.7763565146997043,
            "a2": -0.1966053721924302,
            "a0": 0.1959500850585235
        },
        "f0": {
            "a1": -0.01446803146697799,
            "a2": -0.1952966741104731
        },
        "fT": {
            "a1": -0.409037165241304,
            "a2": -0.2580355775883392,
            "a0": 0.1731165482248272
        }
    },
    "uncertainty": {
        "f+": {
            "a1": 0.12199636013692769,
            "a2": 0.22009581592216554,
            "a0": 0.02094201395789157
        },
        "f0": {
            "a1": 0.09007353118616725,
            "a2": 0.09924268524769217
        },
        "fT": {
            "a1": 0.4726216256157875,
            "a2": 6.639707164356717,
            "a0": 0.030213291867466126
        }
    }
}
