{
    "correlation": {
        "fTf+": {
            "a0a2": 0.0436828911811011,
            "a1a0": -0.3705255852506822,
            "a2a2": 0.001353042246301656,
            "a1a1": 0.1578520761475408,
            "a0a0": 0.9054639172940294,
            "a2a0": 0.044073285995158806,
            "a0a1": -0.37893221917274456,
            "a2a1": -0.01635388420647243,
            "a1a2": -0.022387040715038296
        },
        "f0f+": {
            "a1a0": 0.06457934025250699,
            "a2a2": 0.24819797757948137,
            "a1a1": 0.010303571378569795,
            "a2a0": -0.13247280930019922,
            "a2a1": -0.04282876155089785,
            "a1a2": -0.09295394551301846
        },
        "fTfT": {
            "a0a2": -0.12534852305855335,
            "a1a0": -0.34395493616185274,
            "a2a2": 1.0,
            "a1a1": 1.0,
            "a0a0": 1.0,
            "a2a0": -0.12534852305855335,
            "a0a1": -0.34395493616185274,
            "a2a1": -0.7668484358239751,
            "a1a2": -0.7668484358239751
        },
        "f0fT": {
            "a1a0": 0.007715231255588977,
            "a2a2": 0.00318521534351565,
            "a1a1": -0.0016812402801467015,
            "a2a0": 0.014328000859187593,
            "a2a1": -0.008949642094145543,
            "a1a2": -0.000780539147272956
        },
        "fTf0": {
            "a0a2": 0.014328000859187593,
            "a2a2": 0.00318521534351565,
            "a1a1": -0.0016812402801467015,
            "a0a1": 0.007715231255588977,
            "a2a1": -0.000780539147272956,
            "a1a2": -0.008949642094145543
        },
        "f+fT": {
            "a0a2": 0.044073285995158806,
            "a1a0": -0.37893221917274456,
            "a2a2": 0.001353042246301656,
            "a1a1": 0.1578520761475408,
            "a0a0": 0.9054639172940294,
            "a2a0": 0.0436828911811011,
            "a0a1": -0.3705255852506822,
            "a2a1": -0.022387040715038296,
            "a1a2": -0.01635388420647243
        },
        "f0f0": {
            "a2a2": 1.0,
            "a2a1": -0.7491566442461154,
            "a1a2": -0.7491566442461154,
            "a1a1": 1.0
        },
        "f+f0": {
            "a0a2": -0.13247280930019922,
            "a2a2": 0.24819797757948137,
            "a1a1": 0.010303571378569795,
            "a0a1": 0.06457934025250699,
            "a2a1": -0.09295394551301846,
            "a1a2": -0.04282876155089785
        },
        "f+f+": {
            "a0a2": -0.07358336838704137,
            "a1a0": -0.36955760555485995,
            "a2a2": 1.0,
            "a1a1": 1.0,
            "a0a0": 1.0,
            "a2a0": -0.07358336838704137,
            "a0a1": -0.36955760555485995,
            "a2a1": -0.7842562821118935,
            "a1a2": -0.7842562821118935
        }
    },
    "central": {
        "f+": {
            "a0": 0.2113629714804872,
            "a2": -0.3057651619761209,
            "a1": -0.5060718234131146
        },
        "f0": {
            "a1": 0.3022043086764444,
            "a2": -0.4367970012182975
        },
        "fT": {
            "a0": 0.1936848204403374,
            "a2": -0.1720904652789327,
            "a1": -0.4783452542966014
        }
    },
    "uncertainty": {
        "f+": {
            "a0": 0.06683959683188286,
            "a2": 6.959880899031732,
            "a1": 0.5472939235097053
        },
        "f0": {
            "a1": 0.4645829484554685,
            "a2": 7.248276069880805
        },
        "fT": {
            "a0": 0.05762870580313031,
            "a2": 6.637645962539378,
            "a1": 0.5044129181698426
        }
    }
}
