{
    "central": {
        "T23": {
            "a1": 0.9756780226625973,
            "a0": 0.558651527683086,
            "a2": -0.617057014268725
        },
        "T2": {
            "a1": 0.648543608510588,
            "a2": -0.8367381225762223
        },
        "A1": {
            "a1": 0.4948341716573042,
            "a0": 0.2142700210705677,
            "a2": -0.5898416575860281
        },
        "A12": {
            "a1": 0.5301085432518904,
            "a2": -0.1698995165626285
        },
        "A0": {
            "a1": -0.7432269609691062,
            "a0": 0.2925336490766787,
            "a2": -0.01364822290213352
        },
        "T1": {
            "a1": -0.4593407937948037,
            "a0": 0.2375503875107005,
            "a2": -0.8719619977491347
        },
        "V": {
            "a1": -0.4925853027266176,
            "a0": 0.2712565197401259,
            "a2": -1.197134303677262
        }
    },
    "uncertainty": {
        "T23": {
            "a1": 1.2507498358249072,
            "a0": 0.13938662025258608,
            "a2": 22.27642464368616
        },
        "T2": {
            "a1": 0.5772358525727582,
            "a2": 8.757302096688637
        },
        "A1": {
            "a1": 0.5086559604033511,
            "a0": 0.09866231852202988,
            "a2": 7.071676649431357
        },
        "A12": {
            "a1": 1.5292086507432994,
            "a2": 26.7178848515647
        },
        "A0": {
            "a1": 0.7436364267301757,
            "a0": 0.08100315344308451,
            "a2": 11.016467395462922
        },
        "T1": {
            "a1": 0.626112101481459,
            "a0": 0.11395129621664539,
            "a2": 8.299776720828662
        },
        "V": {
            "a1": 0.7368624748874685,
            "a0": 0.13615634275124905,
            "a2": 9.827573489320907
        }
    },
    "correlation": {
        "A0A1": {
            "a1a0": -0.33322326346217657,
            "a2a2": 0.10488603238277462,
            "a0a2": -0.11412323549708298,
            "a0a1": 0.4314472077282235,
            "a2a0": 0.022644364228575627,
            "a1a2": -0.00027428163603461975,
            "a0a0": 0.9010891780973836,
            "a2a1": -0.012752264844640402,
            "a1a1": -0.1459239829811103
        },
        "VT2": {
            "a0a2": -0.036632182102669116,
            "a2a2": -0.0039928393049491456,
            "a1a2": 0.018175989277890936,
            "a0a1": 0.4673066225314271,
            "a2a1": 0.016214743337273588,
            "a1a1": -0.24644028920111172
        },
        "VA12": {
            "a0a2": 0.006612418081261035,
            "a2a2": 0.001608291226490008,
            "a1a2": -0.004000247706270909,
            "a0a1": 0.0698344866638431,
            "a2a1": 0.008382147741385097,
            "a1a1": -0.03979339896026236
        },
        "T23A0": {
            "a0a2": 0.049034006929094195,
            "a2a2": 0.013456381897223944,
            "a1a0": 0.10452424809166241,
            "a0a1": -0.34220429323120943,
            "a2a0": 0.019522352743827853,
            "a1a2": -0.0012487657874961121,
            "a0a0": 0.8506966118702207,
            "a2a1": -0.012497090510584436,
            "a1a1": -0.035370266661820055
        },
        "A0V": {
            "a1a0": -0.3386959479558518,
            "a2a2": 0.00807294634848222,
            "a0a2": 0.03782425815624091,
            "a0a1": -0.47572128529544144,
            "a2a0": 0.04864608654298896,
            "a1a2": -0.017598921672651962,
            "a0a0": 0.8722136460430454,
            "a2a1": -0.030328458950603623,
            "a1a1": 0.18762000257248465
        },
        "A12T1": {
            "a1a0": 0.0712056819257099,
            "a2a2": 0.004504671120990703,
            "a1a2": -0.004489959903202398,
            "a2a0": 0.006539206285259605,
            "a2a1": -0.008413383175385708,
            "a1a1": -0.027027982032374588
        },
        "T23T1": {
            "a0a2": 0.02911464102077499,
            "a2a2": 0.007628276308440328,
            "a1a0": 0.12671565076484767,
            "a0a1": -0.4483234105326051,
            "a2a0": 0.022369005720772772,
            "a1a2": -0.00946307222532026,
            "a0a0": 0.8957373853046716,
            "a2a1": -0.01683253804977387,
            "a1a1": -0.048951143938370446
        },
        "VA0": {
            "a0a2": 0.04864608654298896,
            "a2a2": 0.00807294634848222,
            "a1a0": -0.47572128529544144,
            "a0a1": -0.3386959479558518,
            "a2a0": 0.03782425815624091,
            "a1a2": -0.030328458950603623,
            "a0a0": 0.8722136460430454,
            "a2a1": -0.017598921672651962,
            "a1a1": 0.18762000257248465
        },
        "T2A12": {
            "a2a2": 0.0014279263137594981,
            "a1a2": 0.008479511847475772,
            "a2a1": -0.002464551158676287,
            "a1a1": 0.02948004145195406
        },
        "A1A12": {
            "a0a2": 0.010617332915873186,
            "a2a2": 0.6856651759946749,
            "a1a2": -0.4145415200496728,
            "a0a1": 0.06926286081295895,
            "a2a1": -0.5201763886608748,
            "a1a1": 0.7619702719330994
        },
        "T1A12": {
            "a0a2": 0.006539206285259605,
            "a2a2": 0.004504671120990703,
            "a1a2": -0.008413383175385708,
            "a0a1": 0.0712056819257099,
            "a2a1": -0.004489959903202398,
            "a1a1": -0.027027982032374588
        },
        "T1T1": {
            "a1a0": -0.47059304435737365,
            "a2a2": 1.0,
            "a0a2": -0.03360782853148562,
            "a0a1": -0.47059304435737365,
            "a2a0": -0.03360782853148562,
            "a1a2": -0.7529901773668304,
            "a0a0": 1.0,
            "a2a1": -0.7529901773668304,
            "a1a1": 1.0
        },
        "A1T1": {
            "a1a0": 0.45558316082621375,
            "a2a2": 0.005298334918140815,
            "a0a2": 0.026317379354271846,
            "a0a1": -0.4813552447301549,
            "a2a0": -0.04762340403854019,
            "a1a2": 0.005100856011106985,
            "a0a0": 0.9818272820234211,
            "a2a1": 0.018884692145224428,
            "a1a1": -0.2164675688934114
        },
        "VA1": {
            "a0a2": -0.046701209988404394,
            "a2a2": -0.002817119405800404,
            "a1a0": -0.5282041401136714,
            "a0a1": 0.45272273036410365,
            "a2a0": 0.04193099223460944,
            "a1a2": 0.024748858003783486,
            "a0a0": 0.9782052018792887,
            "a2a1": 0.021228881005857708,
            "a1a1": -0.2438069028527671
        },
        "T2V": {
            "a1a0": 0.4673066225314271,
            "a2a2": -0.0039928393049491456,
            "a1a2": 0.016214743337273588,
            "a2a0": -0.036632182102669116,
            "a2a1": 0.018175989277890936,
            "a1a1": -0.24644028920111172
        },
        "VV": {
            "a1a0": -0.5105912820957249,
            "a2a2": 1.0,
            "a0a2": -0.04113367302374118,
            "a0a1": -0.5105912820957249,
            "a2a0": -0.04113367302374118,
            "a1a2": -0.721660227851886,
            "a0a0": 1.0,
            "a2a1": -0.721660227851886,
            "a1a1": 1.0
        },
        "A0T23": {
            "a1a0": -0.34220429323120943,
            "a2a2": 0.013456381897223944,
            "a0a2": 0.019522352743827853,
            "a0a1": 0.10452424809166241,
            "a2a0": 0.049034006929094195,
            "a1a2": -0.012497090510584436,
            "a0a0": 0.8506966118702207,
            "a2a1": -0.0012487657874961121,
            "a1a1": -0.035370266661820055
        },
        "T2T1": {
            "a1a0": 0.5006535253587825,
            "a2a2": 0.22947225525242904,
            "a1a2": -0.08013370984116547,
            "a2a0": -0.1180614018567802,
            "a2a1": -0.020597558402319405,
            "a1a1": -0.21017559937189098
        },